<?xml version="1.0" encoding="UTF-8"?>
<configuration>
    <include resource="org/springframework/boot/logging/logback/defaults.xml"/>
    <property name="LOG_FILE" value="/home/vimlesh/logs/application.log"/>
	
    <springProfile name="dev">
        <include resource="org/springframework/boot/logging/logback/console-appender.xml"/>
        <appender name="ROLLING-FILE"
                  class="ch.qos.logback.core.rolling.RollingFileAppender">
            <encoder>
                <pattern>${FILE_LOG_PATTERN}</pattern>
            </encoder>
            <file>${LOG_FILE}</file>
            <rollingPolicy class="ch.qos.logback.core.rolling.TimeBasedRollingPolicy">
                <fileNamePattern>${LOG_FILE}.%d{yyyy-MM-dd}.log</fileNamePattern>
            </rollingPolicy>
        </appender>
        <root level="WARN">
            <appender-ref ref="CONSOLE"/>
            <appender-ref ref="ROLLING-FILE"/>
        </root>
        <logger name="internshakti" level="debug" />
    </springProfile>

    <springProfile name="prod">
        <appender name="ROLLING-FILE"
                  class="ch.qos.logback.core.rolling.RollingFileAppender">
            <encoder>
                <pattern>${FILE_LOG_PATTERN}</pattern>
            </encoder>
            <file>${LOG_FILE}</file>
            <rollingPolicy class="ch.qos.logback.core.rolling.TimeBasedRollingPolicy">
                <fileNamePattern>${LOG_FILE}.%d{yyyy-MM-dd}.%i.gz</fileNamePattern>
                <timeBasedFileNamingAndTriggeringPolicy
                        class="ch.qos.logback.core.rolling.SizeAndTimeBasedFNATP">
                    <maxFileSize>10MB</maxFileSize>
                </timeBasedFileNamingAndTriggeringPolicy>
            </rollingPolicy>
        </appender>

        <root level="WARN">
            <appender-ref ref="ROLLING-FILE"/>
        </root>
        <logger name="internshakti" level="debug" />
    </springProfile>

</configuration>
